Gene,Cluster
UGT2B28,5
UGT2B11,5
DHRS2,5
AKR1B15,5
GSTM5,5
FDCSP,3
C6orf223,5
ACSM1,5
HPGD,5
HMGCS2,5
PGC,5
ABCC11,5
CSN3,3
AKR1C2,5
ALOX15B,5
CPB1,7
PRAME,1
SERHL2,5
S100A7,6
TFF1,7
AKR1D1,5
S100P,6
LINC02522,5
PNLIPRP3,5
SLC26A3,5
SULT1C2P1,5
CYP2B7P,5
LINC02169,5
SPINK8,5
TAT,7
LBP,5
IGHA2,8
LALBA,3
CXCL13,6
TSPAN8,5
OPRPN,4
LINC01088,5
LINC01087,7
CRISP3,6
LINC02303,5
HPD,5
IGHG1,8
CXCL10,3
MUCL1,5
LINC02487,1
SORD,5
KCNC2,7
FABP7,5
LINC00624,5
IGHG4,3
CHST1,5
PIP,5
ABCC12,5
PTHLH,4
SERHL,5
GLRA3,7
THRSP,5
MTND3P19,8
MYOM2,5
MUC6,7
SCGB1A1,5
CLCA2,5
AC122713.2,5
WIF1,4
CSN1S1,2
EN1,1
IGHM,2
DDC,5
CYP4Z1,4
LINC01511,5
MTND1P23,1
S100A8,3
UCHL1,1
AL033397.2,5
MSLN,1
CPHL1P,5
SOX11,1
AC092069.1,2
TFPI2,7
TFF3,7
CDH19,4
CXCL9,3
ARHGAP36,7
ABCA12,5
IGHA1,8
LINC01667,1
HORMAD1,1
ALB,4
AC092071.1,7
AC092325.1,5
SCGB1D2,4
ART3,1
OLFM4,4
ENPP3,5
SERPINA6,7
CALML5,1
ADGRD2,7
AGR3,7
DSG1,4
HLA-DRB5,3
KIF1A,1
IGLC2,8
TCN1,4
PLA2G2A,6
CLEC3A,7
PIGR,4
NXPH4,5
SCGB2A1,4
IGSF1,7
SDR16C5,5
MUC16,3
CXCL17,3
AC008440.1,2
ACADL,5
FIBCD1,5
SIX3,1
CYP2A6,7
SCUBE3,1
PCAT18,5
BMPR1B,7
CNTNAP2,5
GJB1,5
CDKN2A,3
RBM20,5
CITED1,7
SCGB3A1,8
GFRA1,7
MUC5B,1
AL157387.1,7
CALB2,1
NPY2R,7
FABP4,8
AC008736.1,5
HBB,2
CYP4Z2P,5
ST8SIA6-AS1,5
CLIC6,7
CYP4F8,6
IDO1,3
SBSN,6
SCGB2A2,4
FCN2,5
SLC27A2,5
POTEKP,7
GSTA1,1
LCAL1,5
CXCL11,3
MMP9,3
ALKAL2,8
ME1,5
LINC01436,3
AC096996.2,5
KLK11,1
ODAM,3
SCGN,5
LY6D,3
PPEF1,5
SLC15A1,1
PLAC9P1,7
AFP,7
AC025062.3,5
PI3,4
KCNE4,7
LINC00993,7
COL2A1,1
PON3,5
SULT1C3,5
KYNU,5
NPY1R,7
CRABP1,1
TMEM161BP1,7
PIEZO2,7
SHISA2,4
A2ML1,1
UBE2C,1
EREG,4
MTND3P10,2
NCCRP1,3
AC024940.2,1
MRPS30-DT,7
MYBPC1,5
LINC02266,5
KRT81,4
CTHRC1,1
SIGLEC15,2
AQP5,8
NANOGP1,5
AP002001.1,5
CLDN10,4
H4C8,5
KAZN-AS1,5
PGR,7
SRARP,7
CALML3,4
MYBL2,1
HGD,5
PLAAT2,5
UGT2B7,5
AC100826.1,5
FOXM1,1
ANKRD30A,7
FNDC1,1
B3GAT1,5
IGLC3,8
SYCP1,5
TMEM26,7
GRIK1-AS1,7
MMP11,6
AC093001.1,5
GNMT,5
ADRA2A,5
VGLL1,1
MYEOV,8
TDRD12,1
CEACAM6,6
ELOVL2,7
CUX2,5
HAAO,5
DEFB1,4
VN1R53P,7
CLSTN2,7
CP,4
AL033523.1,5
ABCC2,5
MSMB,5
KRT16,4
TTC36,5
WFDC21P,1
ATP1A2,5
JCHAIN,8
LINC02541,5
AC100801.1,5
PI15,7
CHIT1,4
MAB21L4,6
CSN2,2
ALOX15,5
NAT2,5
AGT,6
ELOVL7,5
AP004608.1,5
VSTM2L,6
NAT1,7
PPP4R4,7
CYP4X1,7
MT-TD,1
DNER,1
FAM3D,5
HOXA9,5
GAL,1
PTX3,1
H2AC8,5
AL391097.3,2
TMEM45B,5
HRCT1,1
CYP4F22,4
SERPINA5,7
GRP,4
KMO,5
TMSB15A,1
DIO2,2
AP005233.2,8
CDC20,1
NEK2,1
RN7SL314P,7
PNMT,5
LCN2,4
OBP2B,1
SNORD3A,1
PHGR1,7
FGG,6
DKK1,1
LINC01252,5
COL22A1,3
ADH1C,5
C2CD4A,6
LDHD,5
Z82215.1,2
AP000892.4,8
IQGAP3,1
UGT2B15,7
SOX8,1
AC022784.1,8
LRG1,5
ANKRD30B,7
FAR2,5
AL356804.1,5
TDRD1,6
RNU5F-1,1
CASP14,6
SMR3B,4
LINC02432,5
FADS2,5
TMPRSS11E,5
NPR3,1
TNFSF11,2
SNORC,4
TESC,4
PGBD5,3
LINC01198,8
SLCO1B1,5
AC073114.1,7
GP2,7
FOXCUT,1
PRR27,1
H2AC11,5
HLA-DRB6,3
EDN3,4
SERPINA11,7
LUZP2,4
BRINP3,5
TMEM213,8
TPX2,1
TMEM158,1
MT-TK,8
DCDC2,7
FAM83D,1
HOXB6,6
KRT6A,1
CENPA,1
FMO3,3
NUF2,1
ZNF350-AS1,6
APCDD1L,4
LINC01833,1
AURKB,1
CCDC141,5
ASPM,1
LYPD6,7
KIF4A,1
SAA2,4
MARCO,3
AC104984.4,2
FBN3,1
C5orf46,1
S100A2,4
CDCA7,1
GRIK3,4
PCSK1N,1
CECR2,5
FAR2P1,7
ESR1,7
LINC01554,8
AGR2,7
DLX5,1
ROPN1B,1
MPV17L,5
SCGB1B2P,7
CAPN6,8
MT1G,4
ATP13A5,5
KLK7,4
IGHG3,3
ZIC1,1
CEP55,1
MELK,1
TNNT1,1
CLPSL1,6
KLHDC7B,3
TDRD9,6
KLK6,4
AC023509.2,5
EXTL1,1
NDNF,5
SLC5A8,6
DIO3,5
FGFR3,7
DCD,7
ALDH3B2,5
AKR1C3,5
C16orf89,7
NEK10,7
BIRC5,1
C2CD4B,6
DEPDC1,1
FBN2,1
HBA1,2
AC099508.1,5
COL11A1,6
ADAMTS15,7
NRN1,8
OTX1,1
FSIP2,2
KIF2C,1
ZNF385B,7
AL121790.1,7
COL10A1,6
GRIA2,8
RSAD2,3
ARHGAP40,7
KLHDC7A,7
GJB2,1
ACSM3,5
AP000851.1,4
RPL10,4
MAEL,2
TNFRSF11B,4
SLC13A2,4
GLYATL2,4
RN7SL674P,7
CBX2,1
AC025154.2,8
GBP5,3
SLC25A18,5
GRIA4,8
PTTG1,1
LY6K,1
C7,8
AC008459.1,8
LINC01956,1
PTGS2,4
SLC28A3,4
CHAD,7
LAMP3,3
RIMS2,5
AC119673.3,1
ANLN,1
RET,7
NXNL2,7
NOVA1,7
IGF2BP3,1
SPTSSB,6
GDF15,6
AK5,4
DLGAP5,1
SLC34A2,3
IL32,3
DLK1,8
CAPN8,7
GBP4,3
VSIG10L2,7
CELF4,1
CRYBB2,8
ACKR2,6
CEL,6
SNTG2-AS1,5
LINC02607,4
PITX1,1
CXCL2,4
COL11A2,1
KLHL31,5
FOXI1,4
RIMS1,5
KLK10,4
HJURP,1
FUT3,6
AC010280.1,5
IYD,5
MMP7,4
FMO5,5
GATA3-AS1,7
FYB2,7
MTCYBP13,2
PRSS21,4
HSPB8,7
CLGN,6
EEF1A2,7
AC008268.1,7
TSPAN1,7
CADM3,4
OLAH,1
FGB,6
SULT1C4,5
ONECUT2,6
COL4A6,4
PTN,4
TRIM36,5
KIF20A,1
ECRG4,4
SPAG17,7
CDCA5,1
AC137932.3,2
IFI44L,3
SLITRK6,7
MAOA,8
GSDMC,3
FOXD1,1
RPL10P9,4
AC106045.1,5
CXCL8,6
WNK4,7
ACSBG1,2
CRLF1,1
PKMYT1,6
ADGRL3,4
C2orf72,5
AADAT,5
ATP6V1C2,1
FAM111B,6
PBK,1
MCM10,1
GRB14,1
GNG4,1
HOXB5,6
NLRP2,1
SMYD1,8
LRP2,7
ADH1B,2
AC021066.1,4
NFE4,1
LINC01133,6
H2BC4,5
NDUFA4L2,6
GABRB3,5
DRAIC,7
MKI67,1
XDH,4
NCAM1,4
ASCL2,5
QPCT,1
LOXL4,4
FAM3B,8
LIN7A,7
LIF,4
SLCO1A2,8
DACH1,7
ADCY1,7
GLYATL1,6
FTCD,6
TRABD2B,4
AFAP1-AS1,3
FOXC2,1
SECTM1,3
KRT14,4
ARNTL2,3
PLPPR3,7
BMP7,8
FGF10,8
CAPN13,6
ATP13A4,5
SIM2,1
RRM2,6
HEPACAM2,7
HOXA10,2
DNALI1,7
RARRES1,4
ABCC8,7
GABRE,5
COL9A3,1
DSG3,4
POU3F3,2
AREG,4
SOSTDC1,4
AC093866.1,7
CDH2,1
SLC6A14,4
S100A9,3
CACNA1H,7
CA5BP1,3
APOD,5
KLK5,4
CDK1,1
MAP7D2,1
LINC00504,7
MSX2,7
SUSD3,7
LTB,3
TMEM63C,5
GABBR2,1
H2BC9,6
TUBB2B,4
PAMR1,8
ERICH3,7
DIO1,7
SERPINA1,7
LINC01018,5
EAF2,5
SLC7A2,7
PPP1R14C,4
KIF14,1
SLC44A4,7
RFLNA,4
OLFML3,5
CCNE1,1
KANK4,8
FAM83A,6
LRRC15,6
ATP6V0A4,4
MMP1,3
DGKI,4
MFAP5,8
CMPK2,3
TTN,5
CHST8,7
SMIM31,5
SLITRK4,5
MOGAT2,5
AL031777.2,5
CHRM3,1
AC116407.1,5
SLC44A5,5
TERB2,5
INSYN2B,8
SIX1,5
L1CAM,3
CLDN1,5
SCUBE2,7
Z95114.1,5
ELN,1
ZBTB16,5
CCNB2,1
SNORA2B,8
IFIT1,3
ALX4,8
ROPN1,4
TINCR,6
B3GALT5,8
SGO1,1
FGFR4,6
VSIG2,4
ASPN,6
LPL,3
LINC01819,4
HOXB7,6
CXCL1,4
AKR7A3,7
SLC9A2,5
SLC2A14,5
SEMA6D,8
SMC1B,1
IGF2BP2,4
MUC15,4
BTNL9,8
C2orf88,8
EWSAT1,7
FGFBP1,4
NDC80,1
PLEKHG7,5
SOCS3,3
BUB1B,1
RAB3B,5
CADM2,5
DLGAP1,1
VCAM1,3
RASD2,1
SLC5A11,5
HOXA10-AS,5
TOB1-AS1,5
RAD51AP1,1
PNLDC1,1
NOP56P3,2
KLK3,7
ANGPT1,1
SCRG1,1
ANKRD20A11P,4
BMP5,4
MFSD4A,1
SLC43A1,5
LRRC31,6
AP002001.2,5
IGLC7,2
HRK,1
MMP13,1
LINC02593,6
AURKA,1
OAS2,3
GUCY2D,5
MMP12,3
H19,8
LINC01235,4
BBOX1,4
HLA-DQA2,3
HAS3,8
KIF18B,1
SLC38A4,5
DPT,8
RAMP3,7
DTL,1
CST6,6
GREB1,7
EGF,8
CDCA8,1
LMO3,1
ABO,8
CENPW,1
DCX,8
C4BPA,4
SGPP2,5
C6orf15,1
GPX2,7
CHI3L1,4
KCNK5,1
CKS1B,1
DUOXA1,5
MED4-AS1,5
CD36,8
BEX1,7
LINC01139,1
CCZ1B,8
REEP6,5
B3GNT3,4
SPC24,1
SCARA5,8
CHST9,4
CDCA3,1
ABCC4,5
CENPF,1
HOTAIR,6
NUDT8,5
CCDC170,7
AC103718.1,3
NEURL3,8
ADCYAP1,4
PSCA,6
CAPN11,8
ZNF208,7
KRT6B,4
SLC12A1,6
ERBB4,7
ADGRF1,4
PRR15,7
TMC5,4
CCL18,3
TBX1,1
SAA4,4
NCAPG,1
STEAP4,2
AP006248.4,7
DIAPH3,1
TOP2A,1
PLK1,1
OXER1,5
FOXQ1,3
NRXN3,7
CCL19,3
TPRG1,7
CDC45,1
BUB1,1
PLP1,1
TFF2,1
CCNA2,1
COLCA1,4
STK32B,7
MAGEA4,1
COL9A1,1
PSAT1,1
EYS,5
CHRD,7
PPARGC1A,8
CDKN3,6
MUC7,4
RCOR2,1
NLGN4X,4
ELAVL2,1
HOXB4,7
PPP1R1A,4
MYBL1,1
PI16,8
UBE2T,1
ADM,6
FAIM2,5
HS6ST2,4
PAX6,1
FLT3,7
AL117329.1,6
CAMP,6
RP1,7
POU2AF1,8
SEPTIN3,1
RRAD,4
CCNE2,6
HOXC11,6
AQP3,5
S100A1,1
E2F1,1
RANBP3L,7
CCL5,3
BARX1,1
IL34,4
AC009107.2,2
CDCA2,1
AL359555.4,1
SOCS2-AS1,7
ADAM2,5
RAB6C-AS1,7
IL33,4
FOLR1,4
IL4I1,3
SHC4,1
PTGDS,8
STAG3,1
RMST,7
COMP,6
MZB1,8
PTCHD1,4
LYPD6B,7
RND1,6
AC099654.5,2
CACNG4,7
SCNN1B,5
GATA2,6
PTH2R,1
KIF15,1
CA4,5
FOSB,2
ST6GALNAC1,5
PTPRT,7
CX3CR1,8
PLAAT5,7
HPX,6
LINC02188,4
IGSF21,7
NRXN1,4
CES3,8
CEROX1,4
WNT4,7
IFIT3,3
SMOC1,1
PNPLA3,1
OGN,8
ADCY2,5
AL355916.2,5
RTP4,3
NCAM2,7
KRT23,4
CXCL5,8
LINC02568,7
LRRN3,7
ISG15,3
ADD2,1
C5orf17,2
CSTA,8
TRIP13,1
SNORA31,2
ABCC6,7
AC021148.3,5
SYTL5,7
ZP2,5
MECOM,5
AF001548.3,8
QPRT,5
SRPK3,6
TMCC3,5
HEY2,4
AC012358.4,5
LINC02701,5
C6orf141,1
ST6GALNAC5,4
AC018865.3,7
MLC1,1
LINC02473,1
HMGB1P11,5
FSIP1,7
LINC00862,7
FRZB,4
SLC14A1,8
NEURL1,1
GFRA3,1
KLRG2,1
TYMS,1
HPSE2,8
ANGPTL4,4
THBS2,1
NRIP3,7
FAM107A,1
CDSN,6
NTS,7
RNU6-195P,2
PCDHB3,4
FUT2,3
AC080013.4,4
CKAP2L,1
UNC5A,5
CEACAM5,6
ZFP57,4
PKP1,8
H3C10,6
LGR6,4
SPINK5,8
IGDCC3,7
HSD17B2,5
POLQ,1
EDN2,4
LINC00632,8
ADAM33,8
HOXB2,7
ITIH2,7
HAPLN1,8
SOCS2,4
PWWP3B,7
PCOLCE2,1
PAPSS2,5
CNTFR,1
TCIM,4
SULT1C2,5
PIMREG,1
LGALS12,6
TTK,1
CDT1,1
SKA3,1
SFRP4,8
TAC1,8
EGR3,8
HOXB3,7
SPIB,3
CD79A,3
NGFR,4
GSN-AS1,2
SYT8,8
HERC2P3,8
EXO1,1
AC012349.1,8
IL7R,3
APBA2,1
TRPM8,1
H4C5,5
KCNJ16,4
RERGL,8
SHOX2,8
RYR2,5
LINP1,1
ABCG2,4
U62317.1,3
SLC1A1,6
CLEC2L,1
SYNPO2L,7
AP003119.3,5
MPZ,8
PRC1,1
NRG1,4
CTSV,4
ANKRD36BP2,8
CYP4B1,4
CHI3L2,3
RNF128,4
SAMD11,6
PTGIS,1
SIM1,1
RMI2,1
RAD54L,1
AKR1C1,1
NSG1,8
TNN,8
IL17B,4
C15orf48,7
KIF26B,1
NKAIN1,7
DGAT2,1
LINC01226,5
C11orf96,8
LEMD1,1
PWP2,1
AC026124.1,8
DIRAS3,7
TROAP,1
EMILIN3,8
SLC41A2,5
IFI44,3
EPSTI1,3
GINS1,1
AP000356.1,5
FUT6,5
EPHA7,1
ZFP42,1
FAM198B-AS1,7
IL22RA2,3
AMTN,3
TP63,8
CCL3L3,3
GPC3,8
GPR12,1
NEFH,8
PCDHB2,1
LINGO1,1
C19orf81,4
WNT6,1
PRELP,4
MUC19,8
RBP4,4
RASL10A,8
PEG3,1
CILP,8
BCL2A1,3
OSGIN1,5
DNAJC12,7
ECM1,8
BMP6,1
SOWAHA,7
PPP2R2C,6
MNX1,6
ADAMTS17,5
AL162413.1,1
ABCA13,1
DNAAF1,7
DUOX1,5
CCN3,4
PCAT19,8
LINC02015,6
CAVIN2,8
INPP5J,7
SYT1,8
CA2,1
CA9,1
CA3,4
HOXA7,2
FABP3,4
RAB7B,1
GPX3,8
CFI,4
FAM171A2,1
SYCP3,2
AC144450.1,7
SLC5A1,4
TNFRSF19,4
HES6,6
NR4A3,4
RSPO3,8
KCND3,7
BCAS1,7
H2BC8,5
TMEM86A,6
HSPA2,5
LINC02613,4
PARM1,5
NR2E3,7
CYP27C1,1
VASH2,1
KCTD14,4
TLR7,5
AP001636.3,5
CDC42EP5,5
AC007906.2,4
MS4A1,3
AL031666.3,2
G0S2,3
S100B,4
SLCO1B3-SLCO1B7,5
ADTRP,4
MIR3142HG,3
DCT,4
CCL4,3
KCNQ4,1
CHODL,1
ESPL1,1
CDC6,1
TTC6,7
ABCA8,8
MYL7,8
GATA2-AS1,6
RHEX,1
PRTFDC1,1
UHRF1,6
ABLIM3,7
TICRR,1
HOXA6,8
SPOCK2,3
DLX2,7
AC006509.3,8
NAV3,7
SPINK1,4
KCNJ8,8
KCNJ2,2
TCEAL2,4
F13A1,8
TAFA5,4
GALNT5,7
IFI27,3
NCMAP,4
AL078581.2,2
AARD,1
LINC01876,7
LINC02595,4
KCNK2,4
AC036108.3,4
KCNJ3,7
C10orf90,4
IL1B,3
NCAPH,1
AC011365.2,7
AC131206.1,1
B4GALNT2,5
C1QL2,3
AMH,6
FAT2,4
MX1,3
AL158064.1,5
CARTPT,7
RAI2,7
RECQL4,1
TMEM178A,8
POF1B,4
ABCA4,4
BATF2,3
IFIT2,3
VEGFD,8
APOL4,7
GPR87,4
TRAC,3
TNFRSF18,3
LRP8,1
TRO,8
CPA4,6
WNT11,1
FGF2,4
SPON1,4
SERPINE1,6
PCP4,1
ATRNL1,7
CSF3R,7
CD7,3
UGT8,1
SIDT1,7
ORC6,1
CSF2RB,3
PDE8B,4
MROH6,6
ZNF334,4
BCAT1,3
HMMR,6
AMPH,8
ALPK3,5
FCRL5,3
KIF11,1
STARD4,5
ABCB1,2
RNF183,4
TOX3,7
AC020907.1,1
COL13A1,6
LYVE1,2
E2F8,1
RHOH,7
CACNA2D2,7
NUDT11,1
AC103591.3,4
TNFAIP6,8
PCDHB5,5
OSR2,3
CNTN1,8
FIBIN,4
CYP24A1,2
CDO1,4
RTN1,7
PLEKHB1,1
DNAH11,1
STX19,5
ALDH1A1,8
SRD5A1,5
AC044810.2,8
GLRB,7
MMP16,8
ETV4,4
CCDC144NL-AS1,1
PSMB9,3
THBS4,8
C16orf74,7
NRAD1,4
GRIK1,7
CHRDL2,1
STC1,7
SLC38A3,3
TMEM200C,1
HOXC13,1
AGTR1,4
LINC02814,5
TBX18,8
DOK5,4
ATP6V1B1,8
SPAG6,7
GNLY,3
CSPG4,4
SUSD5,1
AP000851.2,3
DDX43,2
RAD17P1,7
CLIC3,6
GALNT14,3
ZNF469,1
MPPED2,4
KIAA1549L,1
LTF,4
SF3B4,1
CTNNA2,2
CNTN4,2
AL645608.7,6
KNL1,1
HS6ST3,7
RNVU1-22,1
MFAP4,8
MOXD1,3
STMND1,7
MELTF,4
TNNI2,4
SPHKAP,8
SRPX,8
SKA1,1
FERMT1,1
GATA6,1
EFCC1,5
AC010735.2,7
EMID1,7
DERL3,8
PTPRZ1,4
PDZK1IP1,6
MEIS3,7
MUC4,3
PIF1,1
ID1,8
NTF4,4
IL2RG,3
AC105914.2,5
RPS26,8
NFE2L3,3
DCHS2,3
CD109,1
PPP1R3C,4
JAM3,8
MORN3,1
ITM2A,8
ZNF154,7
AC092447.7,4
CD3E,3
PLCD4,7
TMEM100,4
CCL2,3
CTNND2,4
HS3ST4,4
EDNRB,8
UGT2B17,7
CORO6,6
LGALS9,3
NPW,1
CREB3L1,6
ZBTB20-AS2,2
PLAAT1,1
RNF212,2
ERP27,1
AC122688.3,5
NRTN,1
BMP2,1
DSCC1,1
AC090994.1,7
AC104407.1,7
RAD51,1
AC126178.1,5
VNN1,3
ARL9,1
HTR2A,4
TMPRSS3,3
CNN1,4
HERC5,3
KREMEN2,1
AC010329.1,5
SNORA13,8
RNU1-85P,4
NUSAP1,1
AKR1B1,4
ST8SIA6,7
KIF23,1
REEP1,7
CLPSL2,6
MT-TM,1
MTND3P25,2
TSPAN18,1
PCSK9,5
AL161945.1,4
CCDC160,7
AC099506.1,5
CENPM,1
ANKRD18A,2
AFF3,7
CDKN2B,3
AC011447.3,5
KRBOX1,4
GPC2,1
MT-TR,1
KCNG1,1
MESP1,4
TENM2,8
VIM-AS1,4
CCN6,4
ZIC2,6
CCL3,3
MMP3,3
SEMA3G,8
EFR3B,7
ADGRB1,4
HAPLN3,4
RHOXF1-AS1,8
DEPDC1B,1
MAMDC2,8
PDE10A,8
MAPK15,1
CD2,3
TGFB2,1
CNTD1,7
CYYR1,4
AC018629.1,8
B3GALT5-AS1,8
CHEK1,1
EDIL3,8
HOXA-AS2,2
RASSF10,8
PLA2G7,3
AC005253.1,2
HR,1
ALDH1L1,5
OLFM2,1
PROM1,4
GJC3,4
ADGRB2,7
TPPP3,8
VOPP1,6
AL022151.1,5
WDR86,8
PLIN1,2
CXCL3,4
MS4A15,5
H2BC11,1
CCL8,3
CLSPN,1
MEOX1,8
CRACR2A,8
TGM2,3
SLCO1B7,5
CHRDL1,8
PTK6,5
KLK2,8
AOX1,4
SLC16A6,7
TRBC2,3
AC018816.1,7
FCER1A,4
MRC1,8
RYR3,8
ENPP2,8
PTGER3,7
MAT2A,4
ICAM1,3
PADI3,6
GREM1,5
RGS22,7
KCNK17,4
E2F2,1
DAPP1,3
CHL1,8
NOXO1,3
AC020659.1,4
PYGO1,8
SHCBP1,1
OASL,3
DOK7,7
GAS6-AS1,8
NR1H4,5
FCGR2B,3
SLITRK5,8
CYP26A1,7
CLCF1,4
AL136296.1,7
GOLGA8N,2
ADAMDEC1,3
GALNT16,8
C4orf19,4
DIO3OS,5
MT1M,4
PDE9A,1
PRSS33,1
ACOT4,6
CPNE7,1
MAPK12,1
PRR11,1
CCDC158,7
CFD,8
VPS9D1-AS1,1
CCL20,3
ROCR,4
CDHR3,7
AL355512.1,5
NTRK3,8
CHRNA2,5
KCNH8,4
FRMD3,1
MCM2,1
HLA-DQB2,3
SNCG,4
SULT1A2,6
SLC7A5,1
LILRB4,3
MFSD2A,4
OXTR,2
MGAT3,1
ANKRD29,8
IGSF9B,8
SIX2,6
NRXN2,8
OLR1,3
TK1,6
AL035425.4,1
SLC35F3,4
DUXAP8,1
SLC15A2,5
LSAMP,8
AC009501.3,1
TMEM210,5
LINC00511,1
SCX,1
AL139220.2,7
AL669831.4,2
GATA6-AS1,1
IL1RN,3
ZNF826P,5
MT1X,4
PEG10,1
TWIST2,8
LRRC26,5
NRCAM,1
CCL4L2,3
ACSL6,3
SCARNA22,2
LRRC4C,4
FUT9,4
KCNQ5,1
SEMA3D,8
PIWIL2,8
DLX1,8
ANKRD30BP1,7
GASK1A,1
NT5E,4
CKMT1A,6
RGS2,4
CAMK2B,8
FGD3,7
AC107464.3,7
RPL18A,8
PPP1R14B-AS1,5
PCDHB16,4
ETV7,3
LEF1,8
COL14A1,4
AC005523.2,2
AP003392.3,2
UBXN10,7
ZWINT,6
LERFS,4
VSIG4,3
BRINP2,7
CFH,8
C14orf39,5
FOLH1,8
AC092053.4,2
LAMA1,8
ADGRG2,1
TMCC2,1
DAPK1,1
GIPR,7
ABHD6,5
CENPE,1
ANK1,6
MAATS1,7
ADCY5,8
HOXC-AS3,6
SYT13,1
HOXB-AS1,7
WNT7B,4
KIF12,7
MGAM,4
SNORD63,8
RNU6-618P,8
PHYHD1,7
MIA,4
TMTC1,8
SPNS2,4
RACGAP1,1
CHST11,3
GMPR,1
ACOT1,5
ARHGAP11A,1
STON2,7
PANX2,1
SLC16A3,3
LPAR3,8
NDP,4
KCNAB1,1
MIR4500HG,1
AC022075.1,4
PIM1,3
DTX4,6
CLCA4,4
ACBD7,1
RNU6-268P,2
CASP10,6
LINC00514,6
AC007342.5,7
DCLK2,1
PAX8-AS1,4
COCH,1
PDK4,8
ARC,8
SALL4,1
MX2,3
GRIN2A,4
HERC3,5
BAG2,1
MME,8
PIR,1
WNT10A,1
TMEM178B,1
KYAT1,5
AL512306.3,3
RASAL1,1
TTYH1,1
FAM171A1,1
FGFBP2,1
RNASE1,8
TRBC1,3
FGD1,1
AIM2,3
CRB2,2
AC004687.1,3
C19orf33,7
DLK2,8
CNGA1,4
AC093642.2,7
RPS6P12,7
RNU6-942P,2
SPATC1L,6
SCN2A,8
SOX18,6
EGLN3,6
AC124852.1,8
GUCY1A2,6
AP000844.2,7
IRX1,4
PODN,8
CPXM2,8
TRIM17,4
CLDN8,4
UNC5C,4
UNC93B1,8
CGREF1,1
ADAMTS8,8
MTHFD1L,1
LINC02009,3
RNF182,1
KIFC1,1
CYP2T1P,5
MARC1,5
GADD45G,5
TLX1,1
VIT,8
AC093535.2,8
PNMA2,4
OIP5,1
SOX15,4
TREM2,4
DYNC1I1,8
ROBO3,4
MLLT11,1
ACKR1,8
ANKRD35,4
ISM1,8
PRSS12,8
ABTB2,4
WFDC1,1
CCNO,7
LRFN4,1
PIWIL4,8
AC091429.1,2
FHL1,8
CYP2J2,5
FAM20A,4
EVA1A,4
FER1L5,7
LINC01558,1
RNU2-63P,1
S100A7A,6
C1QL1,4
ATP8A1,5
NRK,4
PAK5,8
FBP1,7
HK2,6
KLHL29,8
OAS3,3
SCN4B,8
APLP1,6
PLCL1,7
CDC7,1
CD48,3
EPHB1,1
SLC38A5,3
BRINP1,4
CTAGE9,7
AL021807.1,1
MT1L,4
IRX4,4
POU4F1,1
NME5,7
PKDCC,8
BCAP31,8
STAC,1
PCDH18,8
CYP26B1,8
ARTN,1
ATP1A4,7
LUCAT1,4
CHMP1B2P,4
CA6,1
EPOR,7
PRRX2,8
ARX,6
MISP,7
AC092296.2,2
KPNA2,1
ANXA9,7
FAM238C,1
PLAC9,8
BCL11B,8
WNT9A,4
CRTAC1,8
ADGRG6,1
CNIH2,1
SHC3,1
AC005062.1,4
SULT2B1,5
BMP4,7
NDN,8
CD200,8
VSTM5,1
SERPINA3,4
LAMC3,8
SIGLEC1,3
CENPN,1
CLEC14A,8
STYK1,5
PRICKLE1,1
AC068446.2,2
MAPK8IP2,6
SYBU,7
C9orf152,6
FPR3,3
SRP14P4,5
HOXC12,6
GABRP,4
SLC26A7,1
KAZALD1,6
FGF7,8
PCP2,7
CSRNP3,8
NCF2,3
SLC52A1,1
C4BPB,4
PTPN20,1
ATP1B2,8
RGS6,8
ACOX2,7
TMEM71,4
HILPDA,6
HOXA5,2
AC091231.2,2
LINC00461,8
CCN4,6
AL589880.1,8
GBP1P1,3
ADORA1,4
MKRN3,1
RNU6-130P,2
GGTA1P,8
RBP1,4
GPRIN1,6
SNHG18,4
TRIM9,8
SMPD3,7
GAD1,2
AC018500.1,2
CCR1,3
ANKRD37,5
PPARG,4
CPXM1,8
NPPC,1
AL391832.2,5
CRAT,5
IQCA1,4
NKX3-1,7
ASF1B,6
FAM234B,5
ITGA7,8
AC010997.6,2
CALHM6,3
MIR503HG,8
NANOS1,4
CD52,3
TCN2,1
ADAMTS9-AS2,8
RSPO1,8
RNA5SP187,2
APOC1,3
AC069120.1,7
MAD2L1,1
TSPAN12,4
AC013652.1,7
PAX9,7
GPX7,1
AC004233.2,1
PAPPA,4
CKS2,1
LGR5,3
GFAP,4
AC017071.1,2
ADORA3,3
KLHL13,4
NPTX1,8
S1PR3,5
TMEM176A,3
NINJ2,1
TCF15,1
VWDE,4
WNT5B,8
CLDN14,5
AC073869.1,1
CCDC26,8
SLC27A6,4
PRUNE2,4
MT-TS2,1
PKIA,4
GJA5,3
SNX22,1
HOXA4,4
CCNB1,6
SNAI2,8
SLC2A12,4
SPOCK1,8
NELL2,8
MIR924HG,1
IGF1,8
SAMD5,8
MIR646HG,8
CDKN2C,8
PTGFR,8
HDAC9,8
STEAP1,6
MATN3,4
AL450345.2,5
AC104333.3,8
DOC2A,7
YBX2,6
NXPH3,7
GTF2H2B,2
AL365181.3,4
OLFM1,7
SNCAIP,8
FXYD6,1
NAPSB,3
ENO2,8
JPH2,4
PELI2,8
AC127526.5,7
AC239800.2,4
GIMAP7,2
ITPRID1,4
FOXA1,7
SPAG5,1
EML5,5
AC130304.1,2
ORC1,1
AC068888.2,2
GTSE1,1
GREB1L,7
ANKRD20A21P,7
HMGCLL1,4
VSNL1,4
NMB,1
HSH2D,3
CHST2,4
FANCA,1
SPHK1,1
IGKC,8
ABCA9,2
NRG2,4
FAP,8
CD69,3
CNTD2,7
ARL17B,8
RBP7,7
ITGAX,3
FAT3,4
GRAMD2A,4
EYA2,4
VGF,1
ATP8A2,4
GNAL,8
DNM3OS,8
C17orf77,5
TRAF3IP3,8
TMPRSS5,1
AJ009632.2,7
COL8A1,8
KLHDC9,7
TENM1,8
DNA2,1
MND1,1
SMOC2,8
CFAP43,7
B4GALNT3,1
MGAM2,8
ZNF812P,5
HSD11B2,6
FSCN1,1
TRPM2-AS,6
ECEL1,8
ARHGAP15,3
CPLX1,7
FREM1,8
WDR62,1
SPATA18,4
AP001496.4,8
ABCA10,8
ZDHHC2,4
SKP2,1
ZNF367,1
SPCS2,6
APCDD1,4
IL20RA,7
ATG9B,1
ACTA1,1
KCNB1,1
LINC00960,4
ZNF486,6
GPAT3,4
BAIAP3,8
SLC6A11,1
TNFRSF14-AS1,7
PLAT,7
ZMYND10,7
FOXC1,1
GRHL3,1
NEURL1B,8
SLAMF7,3
KNSTRN,5
SNPH,4
PRTG,4
IL12RB2,1
AC004982.1,7
TMEM139,4
SLC16A9,7
FA2H,6
AL161908.1,7
VAX2,1
MOCS1,4
MEDAG,8
RFTN1,3
CKMT1B,6
DOC2B,5
SLC30A8,7
C1QTNF1,4
AL009179.2,4
SNORA12,8
KLF15,5
LINC00958,8
GFPT2,3
RGMA,1
C5AR2,7
SLCO5A1,1
MICU3,8
ACTL8,1
PHPT1,8
HBA2,8
TBC1D10C,3
LINC00964,1
CARD6,4
FP565260.1,4
ANOS1,8
CD8A,3
CASC1,7
GJC1,1
AL732437.3,1
MIR222HG,4
NAT8L,1
LINC01266,4
PHC1,4
PCDHA10,8
RAB6B,4
NMU,1
TUSC8,5
GJB3,1
AHNAK2,1
STC2,7
COL5A1,6
AMIGO2,8
NR2F1,8
LINC00578,8
EMSLR,1
CASQ1,7
PTGS1,8
IL17RB,7
AL109918.1,1
ANO5,4
FCGBP,4
SMPD4,1
ADAMTS18,8
TP53AIP1,8
FABP6,6
FMOD,7
ADAMTS5,2
MTCO1P12,1
AC005154.2,2
SUSD2,6
DCDC1,7
DCLK1,8
HSPB6,8
P2RY6,3
CBR3,6
COL17A1,4
PLIN5,7
MIAT,3
COX7A1,4
ZNF613,5
AC108749.1,5
LOX,6
PIK3AP1,3
PLK4,1
GLT8D2,8
COL28A1,1
COLEC12,8
HTRA3,8
SPESP1,4
CLEC4F,1
DLL1,8
BMERB1,2
CLDN23,1
TDO2,6
PLEK,3
RASL12,8
MIR210HG,1
SOD3,5
IL2RB,3
RASSF9,3
PCSK4,7
FLRT3,8
NGEF,1
PLAUR,3
AC109326.1,8
AL365361.1,8
PLEKHF1,4
AC025031.5,2
PPFIA4,1
SFRP2,8
LINC00324,7
CD53,3
RAMP1,7
DIPK1B,8
TMEM92-AS1,5
F7,7
GPRC5D-AS1,1
NALCN,4
ANKS6,1
MMP25,7
TFEC,3
AL445223.1,7
FBXL16,6
FAM92A1P2,8
GHR,2
HOXA3,4
RNF144A,1
SCUBE1,7
THEMIS2,3
SHROOM1,7
AC093838.1,7
GNAI1,5
DUSP9,1
HNRNPA1P54,8
CACHD1,4
PDGFD,8
TWIST1,8
NTN1,1
TACC3,1
AC005831.1,8
FMO1,8
C3AR1,3
WNK3,1
ANGPTL2,8
RPL21P16,2
RBP5,8
KIF5C,7
PRELID3A,1
CYTIP,3
KIAA1755,1
RNU2-64P,2
IGSF10,8
AC037198.1,8
ENHO,1
AL356417.2,1
CD27,3
MARCHF3,1
ASPHD1,3
TGM5,4
LINC01116,6
STRA6,8
FZD10-AS1,8
PAK3,4
Z95114.4,5
CA12,7
PLAG1,1
HLA-DOA,3
GINS4,1
JAML,3
DNAJC22,6
ANKRD20A5P,7
ZDHHC11B,7
CA8,7
MT-TC,5
PIK3C2G,4
SP6,6
CCL21,2
KCNQ3,1
RN7SL359P,7
PDE1C,4
CIART,1
STAC2,4
NUP62CL,5
XRCC2,1
PTP4A3,1
FPR1,3
HLA-DOB,3
SCN3A,8
FABP5,1
DOCK3,1
FADS1,5
ADRB1,7
MCOLN2,3
PARVG,3
SPP1,3
LINC00865,4
AL844908.1,3
GALNTL6,7
CYGB,8
AL078595.1,2
EDA2R,8
CAPN15,4
NKD2,8
AL033384.1,1
ZNF683,3
GPR27,8
NDRG4,1
SLC17A9,8
PDLIM4,4
H1-3,8
SBSPON,4
GLIPR2,1
FAM78B,3
TBILA,7
DYSF,1
MAPK10,5
HES2,6
AC008780.1,8
SMIM10L2A,4
SLC6A9,1
OLFML2B,8
GALNT13,1
LMOD1,2
RNFT2,1
LDB2,8
RASGEF1A,4
EPHB2,3
GRIN2B,8
SDS,3
AL591845.1,7
ITGB3,4
ELF5,1
CD300LG,8
LMNTD2-AS1,7
MYOZ2,5
OSR1,4
AP001783.1,1
CALCRL,8
TRIM68,5
MST1L,4
AP000769.1,5
CD1E,3
CGAS,3
SLC49A3,5
IKZF3,8
KIF18A,1
IL10RA,3
APLN,8
RIPK3,3
HAND2,8
ACAN,1
EPB41L3,5
ME3,7
CD86,3
PI4KA,4
CACNA2D1,4
CKB,6
AWAT2,5
FAM106A,8
NCAN,1
AF131215.4,8
C19orf18,5
MANEAL,6
GSEC,1
ZSCAN23,4
CYTOR,4
FHOD3,8
PLEKHG1,4
FBXO17,1
ALOX5AP,3
TM4SF1-AS1,5
HEPH,4
LAMA2,8
PLIN4,8
FGD5,8
ABCA6,8
APOL3,3
LYPD1,1
ZNF214,7
LINC00649,8
XYLT1,8
ALPL,5
TF,4
PNMA6A,1
APCDD1L-DT,2
MMP15,1
AL670729.3,1
AC092078.3,5
LRRN2,1
TMEM229B,7
ARHGEF4,1
TGFA,8
ST3GAL4,1
ZDHHC11,7
SCD5,4
DUSP2,4
SYT17,7
PLA2G4A,4
DRC3,7
CLDN11,4
CD34,8
TMEM59L,8
TMEM200B,8
LINC01239,1
BTBD11,8
CLNK,8
KLHDC8A,1
ZNF385C,1
TFPI,8
CLEC5A,3
TNF,3
NOD2,3
PMAIP1,7
HPDL,1
CELSR3,6
BLACAT1,1
KANSL1-AS1,5
TPPP,7
KCNH2,1
HEY1,8
TMEM40,4
AL031595.2,8
AC095057.4,7
ADAMTS16,1
AC124798.1,1
PRKCB,3
ENTPD8,7
DEGS2,7
SVEP1,8
AC096589.2,7
CDKN2D,1
APOLD1,8
SLAMF8,3
CASP17P,8
WT1,1
AF131215.6,4
NYNRIN,8
KDELR3,1
GPT,1
CLCN4,1
SCIN,8
AL731571.1,8
LINC02532,8
CIT,1
DNAH7,7
PTPRM,5
P2RY13,3
DDIAS,1
MAMLD1,1
TMEM45A,4
ANPEP,4
G6PD,5
FGF1,8
F2RL1,4
SERP2,7
CPNE5,8
FBXO27,1
CD38,3
CD3D,3
TFAP2B,2
PTPRS,6
AC020656.2,7
CCDC144B,8
LIPG,4
MAPK4,1
SLC16A14,6
GNAZ,1
DNAAF3,7
SNED1,8
ACE,5
AL133330.1,2
OXGR1,1
CDC14A,4
AC103702.1,7
TMPRSS9,5
HSPB2,4
LSP1,3
SLC4A8,7
GZMB,3
PIP5K1B,8
LAG3,3
A4GALT,3
GPR37,4
RC3H1-IT1,2
PTPRU,4
ARSJ,4
FAM222A,5
CDYL2,7
MTCL1,7
FIRRE,8
F2RL2,8
ITPRIPL1,4
IRF8,3
GLIS3,2
SERPINE2,8
PCAT6,1
SLC6A16,1
SLC6A15,1
AP001057.1,5
GLP1R,4
ACSS3,5
SLC2A3,8
LINC00173,8
PTPRN2,8
ATP2B2,4
AQP7,5
POM121C,1
AL139383.1,7
LINC01315,1
MB,5
SUSD4,1
CADPS,8
AC011287.1,4
LINC01619,8
AL021328.1,4
ITGBL1,4
AC107294.2,1
MEG8,8
TYMSOS,1
ARHGAP27P1-BPTFP1-KPNA2P3,4
RSPH1,7
AC092851.1,4
ARNT2,1
TCF19,1
LINC00987,4
EGFL7,8
HMGB3,6
NDUFB4P11,1
JPH4,8
JAM2,8
MS4A4A,3
INHBA,1
DNAH2,4
AL049840.5,2
AC116348.3,8
KDR,8
SCG5,8
RUNX1T1,8
BCR,8
RGS16,3
LCK,3
HEXA-AS1,5
AC080013.1,4
STUM,8
LMO2,8
IL15RA,3
ADAMTS4,8
GPR34,3
CFAP157,7
CENPK,6
NSUN5P1,4
FNDC4,4
SLC35F2,1
CRADD,5
CSF1,3
EGFLAM,8
PLVAP,8
SCARNA9,8
EBF4,7
ADM2,1
FRAS1,4
AL354836.1,6
UBE2M,8
ADGRA2,8
ITIH6,7
PTCH2,8
CD83,3
AC110285.2,7
AC004130.2,4
PLIN2,8
ASTN2,7
TNFRSF13C,8
RNF39,4
DSCAM-AS1,6
PAQR8,8
BLM,1
MYLK3,5
H2AC20,8
AL450306.1,2
FBLN2,1
HSD17B6,6
LZTS1,8
SAMMSON,5
FGF9,1
CCDC8,4
FZD4,2
ADGRL4,8
PANK1,1
FAM155A,7
FAM171B,4
WASF1,4
AL021392.1,7
MYRFL,5
VGLL3,8
ADGRF5,8
SLC16A5,7
IFITM2,4
TRPV6,5
SLC45A3,1
AC099541.2,1
IRAK3,3
TMPRSS2,4
B3GNT5,1
LRP1B,4
LINC01359,8
LINC00393,1
PROX1,4
MYZAP,4
IL1R2,1
TNS4,8
SLFN11,8
RN7SL653P,8
RADIL,8
LINC01016,7
PCSK6,7
AKR1B10,6
HAS2,8
SULT1E1,4
HMCN1,8
AC007681.1,2
LINC00939,7
TDRD6,4
H3C6,5
FAM83B,1
VEPH1,1
RIC3,4
UGT2B10,5
PLCH1,1
CTTNBP2,8
ARHGEF38-IT1,5
TRPV4,8
PRRT3-AS1,1
BST2,3
SMOX,1
P3H2,4
SMAD9,8
CNTN3,4
KDM7A-DT,6
GSC,7
GNA14,7
CCDC3,8
NAP1L2,4
PLXNA4,8
HACD1,1
ESAM,8
SNTB1,8
AC006160.1,2
TNFRSF11A,4
AC127024.8,2
AC025034.1,7
C2CD4D,1
GPR183,3
SNHG26,4
ZNF671,7
LTBP1,1
PNMA8A,1
AL590560.3,8
TLR3,3
SAE1,6
KCNS3,6
CCDC15,5
DUSP15,7
GINS2,1
MRGPRF,8
PLD5,8
TMPRSS4,8
SLAIN1,4
ST8SIA2,4
ABCD1,6
NUPR2,6
PRKCA,4
CCL22,8
WASHC1,8
SNORA75,2
CHEK2,1
AC021504.1,1
DPP4,4
AL031282.1,2
PSMB8-AS1,3
RCAN2,8
RYR1,8
CBFA2T3,8
PCLAF,6
TEAD4,1
RBM11,4
AL078622.1,2
TPTEP1,4
C3orf70,8
TLR2,4
NTRK2,4
SLC2A6,3
GIMAP2,3
AC074141.1,5
SOX5,8
MCOLN3,8
ACKR3,8
AC078799.1,2
BAIAP2L2,1
ETV1,4
RNU6-482P,2
CD163L1,5
ENTPD3,4
AL355377.3,8
CCKBR,1
IQCN,4
ADAMTS12,8
CAND2,1
LRRIQ1,4
LINC02562,4
ALOX5,4
BPIFB1,8
FAM207A,1
RGS11,7
TLCD1,1
LRRK2,8
ARHGAP28,8
NRP2,8
LINC01060,8
CCL28,4
SEMA5A,8
SYT6,5
RUNX2,4
KATNAL2,1
SNX20,3
TNFSF15,3
ZNF280B,3
RARRES2,8
LILRB5,2
HPN,5
CCDC168,8
UBASH3B,4
NPB,1
HSD3BP2,5
MFAP3L,4
LRMDA,3
ZIK1,4
DHCR7,1
NEGR1,8
PGF,8
CDON,7
CXCL6,4
CARD16,3
RHOJ,8
NLRP13,5
MPP2,8
LINC01977,7
ZNF483,7
CCDC136,8
RASGRF1,5
MMEL1,7
CNTNAP3,4
ARHGEF39,1
XG,1
TSKU,5
MS4A14,7
PITPNM2,1
C2orf27A,7
ADAMTS2,8
MYCL,3
LILRB2,3
LINC01524,8
MSI1,1
ELAVL4,8
AC027031.2,1
XKR9,1
LRP4,8
AC106795.1,1
IGFBP6,8
MS4A18,5
FAM124A,4
RDH10,1
AF131215.2,2
FBLN7,8
RASSF2,3
RAD54B,1
CIB2,1
DAPL1,7
PDGFRA,4
IDNK,5
OVOL1,1
ID3,6
HMGN2P46,7
IL15,3
KIF19,8
MERTK,8
INPP4B,7
SMAD6,1
NR2F1-AS1,8
GRIN2D,1
ZNF727,4
AC096733.3,8
ASRGL1,4
AC096589.1,7
SLC1A2,7
NPL,8
MTND2P28,1
SASH3,3
ANXA2R,3
AC104237.3,8
CACNB2,8
THSD7A,8
SYTL4,7
CCDC68,7
UBA7,8
VANGL2,1
AC090877.2,5
FAH,5
RNY1,1
NCF4,3
GABRB1,8
AC021443.1,2
RAPGEF3,7
AC015813.1,2
FOXP1-IT1,7
CD3G,3
RIPOR2,8
ALDH1L2,1
PRKD1,4
GPR137C,1
SLC4A11,6
ESCO2,6
AL353622.1,7
CATSPERB,4
DIRAS1,1
FER1L4,6
AKAP5,7
AL354707.1,5
NFATC1,1
SNAI1,6
ETNK2,6
TIGIT,3
AC008556.1,6
PREX2,8
CD40,3
NPNT,7
BGN,6
FOXP2,8
GPR143,3
TTC34,7
AC016957.2,7
MT-TL2,1
LYPD5,1
MYO1H,8
GPR173,1
MTND3P12,2
AL449403.3,8
MSL3P1,1
ELOVL4,1
SERPINI1,8
ADAMTS3,1
GLI2,2
NEXMIF,6
HMGA1P4,8
AL022323.3,8
FAM180A,8
SLC4A4,2
EFNB3,4
STIL,1
SPC25,1
BPI,1
CPS1,8
CDH12,8
PURPL,2
C1orf61,1
ADAM19,3
FAM110B,7
RNU6-958P,2
C1orf112,1
POU3F2,8
P3H3,8
RNF150,4
DANT2,8
GYG2,6
MATN4,1
AP001062.1,4
CYP27B1,4
PXDNL,1
H3C8,6
RNY1P16,7
FCGR3A,3
POLD2,6
TLCD3A,1
PHEX,5
MMP17,6
MIR497HG,8
DNMT3B,6
IKZF1,3
MICB,3
CYP39A1,4
PFKP,6
SAMSN1,3
CCDC163,1
AP002387.2,1
TMEM204,8
FNDC10,6
AC069228.1,8
CENPO,1
ADCY7,8
PHLDA2,4
TXLNB,7
PLLP,8
LONRF2,7
SYN2,4
LIMD2,3
JAK3,8
ERAP2,8
PALM3,7
RASAL3,3
AP003306.1,4
AP000547.3,4
HAND2-AS1,8
KIF3C,1
AC103740.1,8
COL5A2,8
SERPINB2,1
SOX1-OT,8
AL441992.2,5
MDH1B,7
CCDC144CP,8
LINC00839,1
SERPINB5,4
SULT4A1,1
PLA2G4F,6
ULBP3,4
FZD5,4
AL590004.3,1
DCTN1-AS1,8
CD248,8
GALNT15,8
AC083843.4,4
PET100,6
ABI3BP,8
HERC2P2,4
AC005899.7,8
FGR,3
AC015712.6,4
CCDC173,7
MEX3B,1
PROS1,4
GLA,7
CASC8,4
PLAC8,3
FCHSD1,8
WDR93,7
DOCK11,3
HLF,4
ATF7IP2,8
AL080317.1,2
TRPC1,4
PCDHB4,2
KIT,4
NUDT19P5,7
KCNQ1,3
BAK1,1
KLRD1,8
ZC4H2,1
DISC1FP1,5
AFAP1L2,7
HLA-DQA1,3
SNORA38,2
PRSS16,4
SEMA3E,7
ADAMTS9,8
TPST1,8
GEM,8
FBXL13,2
ADORA2B,4
GPC6,8
FBXL7,8
RRS1-AS1,8
MPEG1,3
NRARP,1
KLHL3,8
MBNL1-AS1,1
ACTG2,4
PGPEP1L,5
CSPG5,6
TMEM61,4
EGOT,7
SERPINF2,4
PCDHB7,1
PDE3B,3
AL512274.1,4
PLCH2,7
TMEM156,8
MCUB,3
RASSF4,3
ATAD3C,4
ADGRV1,7
TGFB1I1,8
ZYG11A,6
KRT80,4
ALDH1B1,1
AC090206.1,7
GDPD5,1
C2,3
AL122125.1,4
AC246817.2,8
FAM66D,8
REC8,3
GXYLT2,1
SMPDL3A,5
FANCE,1
FUT4,3
AL356534.1,8
KCNK15,4
LRRC36,5
NEIL3,1
PODNL1,4
AC048341.2,4
LINC02515,2
NKX1-2,1
GPR39,7
LPAR1,8
SLC51A,6
ZNF98,1
AP000487.1,1
SALL2,7
CNTNAP3B,4
SHISA9,6
EFCAB13,2
TNFRSF1B,3
DIPK1A,7
CNKSR2,8
TCAF1,8
BCL2L14,3
TRIM55,2
PCDH17,8
AL365181.2,7
EME1,1
LINC02389,5
DOCK8-AS1,5
WFDC2,4
PDPN,8
CYP4F12,2
ERG,8
SLC13A3,1
SLC1A6,1
SRSF12,1
NID2,8
AP002761.4,4
KCNJ6,8
FRMD6-AS1,7
RGS5,8
ADAM32,4
CLEC2B,3
HERC6,3
GLIPR1L2,7
PLCG2,3
RTKN2,1
CDC25A,1
AL356740.1,4
AL499602.1,7
PKHD1,7
RTL5,4
VWF,8
TMOD1,4
ITGAL,3
HCP5,3
AL160000.1,2
EIF4H,8
SLC6A8,1
AL031058.1,1
RBM24,7
LEFTY2,1
SUV39H2,1
CARMN,8
AC007114.2,2
LRRC37A4P,8
SGIP1,8
SLCO2A1,4
SH2D2A,3
ANKDD1A,8
SCN8A,4
GALNT18,3
FSTL4,7
ADCY4,8
ANKRD33B,3
SLC16A7,8
PSRC1,1
TBX2,8
SLC8A1-AS1,8
AC016582.3,8
SOBP,8
PCDH9,8
SDK2,8
IRF5,3
SLIT3,8
TDRD5,1
PLEKHH2,8
PDE6B,7
AC093908.1,8
FAM177B,8
AP003117.1,7
SLCO4A1,1
ARHGEF38,7
VEGFC,5
XAGE2,1
HAP1,8
BEX5,4
LRFN1,1
AL391422.4,1
TGFB3,7
SNCA,4
CLUL1,1
TPH1,4
TMEM121,8
AC244517.1,4
HUNK,6
CMTM5,1
TBX15,8
ARHGAP9,3
LINC01411,7
AXIN2,8
EGR2,4
ZNF726,6
LINC02334,8
ACHE,4
SLCO2B1,3
HAMP,3
BTC,4
MIR17HG,4
H2BC15,5
PRODH,6
RN7SL1,6
AL365209.1,7
TBXAS1,5
NTM,2
SLA,3
APLNR,8
MUC3A,4
EPHA10,7
CTF1,4
TEDC2,1
NLRC5,3
ZNF365,4
PTGER4,2
MLXIPL,8
STOX1,7
PKN3,5
HIC1,8
SOX10,4
Z97200.1,8
SLIT2,8
TEX30,1
LINC01238,4
RASGEF1C,1
AC246817.1,8
GNG11,8
NXN,1
POC1A,1
GUCY1B2,1
HBEGF,3
TRPC6,8
ARHGEF26-AS1,1
ZSCAN31,5
ITGAM,3
GMFG,3
COL24A1,7
CD6,3
RHOF,3
SORCS1,8
CALML3-AS1,4
BANK1,8
AC011611.4,2
ESYT3,8
RGS9,3
SILC1,6
EFCAB1,8
FAM24B,4
EFNA3,6
AL109976.1,8
FOXO6-AS1,7
NRGN,4
MN1,8
ST8SIA1,4
COL5A3,8
CSNK2A3,2
HIF3A,8
AL354740.1,2
AC097634.1,8
GRAMD1B,4
LINC02762,1
P2RY10,3
AC011447.7,5
CTXN1,1
COL6A6,8
ANKHD1-EIF4EBP3,8
KIAA1257,7
CASC19,8
LINC01341,7
SCN9A,8
RAPGEF4,8
C8orf37-AS1,5
ARHGAP6,8
LINC02560,4
CPNE8,8
MYB,7
CENPU,1
RAMP2,7
HOXC10,6
FOXP4-AS1,1
SOWAHB,7
FAM216A,1
UNC13D,4
LINC01994,8
PIK3CD,3
TBX19,1
RASGRP3,8
CPED1,8
KCNMB1,8
FLT4,8
AC010136.1,4
BX284668.5,7
CLCN5,1
AC103760.1,7
GPR88,7
AC005674.2,4
CABP4,7
ZNF300,4
AL390719.1,4
ANKRD36B,7
PREX1,7
PRRG1,4
PDCD2L,1
EIF5A,6
AC084740.1,7
GIMAP6,3
ADAMTSL4,3
AC127024.4,7
EEPD1,8
GPR89A,1
SLC29A4,1
NLRP1,3
FCMR,3
STMN2,2
PAX2,7
SLC9A5,5
PART1,5
PAQR5,1
SRPX2,4
LGALS2,3
AL021578.1,4
SCARNA5,2
DYNLRB2,7
SKAP1,3
AC027117.1,4
EPDR1,4
C5orf49,7
CHIC1,8
COL4A4,2
PCED1B-AS1,3
P4HTM,4
RPP25,6
RGL3,7
ENPP5,7
SYNC,7
MAP6,8
TMEM220,4
HTR1F,7
PRSS22,4
AC008875.3,8
AC091544.4,7
APOL1,3
SOCS1,3
TTLL9,7
GPC4,7
AMER1,1
GNAO1,8
TSPY26P,7
NKD1,8
AC087854.1,7
CELF5,8
